frame,type,left,reference,left_label,reference_label,iou
adasind_152940.jpg,mismatching_attributes,1,2,Bike,Bike,0.754
adasind_152940.jpg,missing_annotation,,5,,Truck,N/A
adasind_152940.jpg,missing_annotation,,6,,ThreeWheeler,N/A
adasind_167700.jpg,mismatching_attributes,5,6,ThreeWheeler,ThreeWheeler,0.905
adasind_167700.jpg,mismatching_label,1,4,Truck,Car,0.854
adasind_167700.jpg,mismatching_attributes,6,5,Bike,Bike,0.561
adasind_167700.jpg,missing_annotation,,2,,Bike,N/A
adasind_167700.jpg,missing_annotation,,7,,Truck,N/A
adasind_167700.jpg,missing_annotation,,8,,Truck,N/A
adasind_212280.jpg,mismatching_attributes,3,3,Bus,Bus,0.957
