round,slice,frame,object_ref,cell,what,why,severity,owner,rule_id,evidence,action,rules_version,note
calib,C0,adasind_019560.jpg,R1,na,MISSING,E1_annotator_error,P1,annotator,R02,Vật thể cao trên 40px nhưng chưa được vẽ box,rework,v1.0.0,Clinic thảo luận ngộ nhận về class
calib,C0,adasind_019560.jpg,R2,na,MISSING,E1_annotator_error,P1,annotator,R02,Vật thể cao trên 40px,rework,v1.0.0,Clinic thảo luận ngộ nhận rider
calib,C0,adasind_019560.jpg,R3,na,MISSING,E1_annotator_error,P2,annotator,R02,Đối tượng bị méo ở viền nhưng vẫn nhìn rõ,rework,v1.0.0,Clinic thảo luận méo ảnh rìa
calib,C0,adasind_019560.jpg,R4,na,MISSING,,,,,,,,
calib,C0,adasind_019560.jpg,R5,na,MISSING,,,,,,,,
calib,C0,adasind_019560.jpg,R6,na,MISSING,,,,,,,,
r1_craft,B4-edge,adasind_258420.jpg,L7,na,SPURIOUS,E1_annotator_error,P2,annotator,,Chẩn đoán tự động,rework,v1.0.0,
r1_craft,B4-edge,adasind_258420.jpg,L8,na,SPURIOUS,E1_annotator_error,P2,annotator,,Chẩn đoán tự động,rework,v1.0.0,
r1_craft,B4-edge,adasind_258420.jpg,L9,na,SPURIOUS,E1_annotator_error,P2,annotator,,Chẩn đoán tự động,rework,v1.0.0,
r1_craft,B4-edge,adasind_258420.jpg,L10+R5,na,BOX_GEOMETRY,E1_annotator_error,P1,annotator,,Chẩn đoán tự động,rework,v1.0.0,
r1_craft,B4-edge,adasind_258420.jpg,R7,na,MISSING,E1_annotator_error,P1,annotator,,Chẩn đoán tự động,rework,v1.0.0,
r3_diag,B4-edge,adasind_236370.jpg,M2,M_only,SPURIOUS,E4_model_domain,P2,ai_team,,Chẩn đoán tự động,keep_with_reason,v1.0.0,
r3_diag,B4-edge,adasind_258420.jpg,L2+R8,LR_noM,MISSING,E4_model_domain,P1,ai_team,,Chẩn đoán tự động,keep_with_reason,v1.0.0,
r3_diag,B4-edge,adasind_258420.jpg,L3+R4,LR_noM,MISSING,E4_model_domain,P1,ai_team,,Chẩn đoán tự động,keep_with_reason,v1.0.0,
r3_diag,B4-edge,adasind_258420.jpg,L1+R1,LR_noM,MISSING,E4_model_domain,P1,ai_team,,Chẩn đoán tự động,keep_with_reason,v1.0.0,
r3_diag,B4-edge,adasind_258420.jpg,L5+R3,LR_noM,MISSING,E4_model_domain,P1,ai_team,,Chẩn đoán tự động,keep_with_reason,v1.0.0,
r3_diag,B4-edge,adasind_258420.jpg,L7,L_only,SPURIOUS,E4_model_domain,P2,ai_team,,Chẩn đoán tự động,keep_with_reason,v1.0.0,
r3_diag,B4-edge,adasind_258420.jpg,L8,L_only,SPURIOUS,E4_model_domain,P2,ai_team,,Chẩn đoán tự động,keep_with_reason,v1.0.0,
r3_diag,B4-edge,adasind_258420.jpg,L9,L_only,SPURIOUS,E4_model_domain,P2,ai_team,,Chẩn đoán tự động,keep_with_reason,v1.0.0,
r3_diag,B4-edge,adasind_258420.jpg,L10+M6,LM_noR,SPURIOUS,E4_model_domain,P2,ai_team,,Chẩn đoán tự động,keep_with_reason,v1.0.0,
r3_diag,B4-edge,adasind_258420.jpg,R5,R_only,MISSING,E4_model_domain,P1,ai_team,,Chẩn đoán tự động,keep_with_reason,v1.0.0,
r3_diag,B4-edge,adasind_258420.jpg,R7+M12,RM_noL,MISSING,E4_model_domain,P1,ai_team,,Chẩn đoán tự động,keep_with_reason,v1.0.0,
r3_diag,B4-edge,adasind_258420.jpg,M3,M_only,SPURIOUS,E4_model_domain,P2,ai_team,,Chẩn đoán tự động,keep_with_reason,v1.0.0,
r3_diag,B4-edge,adasind_258420.jpg,M4,M_only,SPURIOUS,E4_model_domain,P2,ai_team,,Chẩn đoán tự động,keep_with_reason,v1.0.0,
r3_diag,B4-edge,adasind_258420.jpg,M5,M_only,SPURIOUS,E4_model_domain,P2,ai_team,,Chẩn đoán tự động,keep_with_reason,v1.0.0,
r3_diag,B4-edge,adasind_258420.jpg,M7,M_only,SPURIOUS,E4_model_domain,P2,ai_team,,Chẩn đoán tự động,keep_with_reason,v1.0.0,
r3_diag,B4-edge,adasind_258420.jpg,M8,M_only,SPURIOUS,E4_model_domain,P2,ai_team,,Chẩn đoán tự động,keep_with_reason,v1.0.0,
r3_diag,B4-edge,adasind_258420.jpg,M10,M_only,SPURIOUS,E4_model_domain,P2,ai_team,,Chẩn đoán tự động,keep_with_reason,v1.0.0,
r3_diag,B4-edge,adasind_258420.jpg,M11,M_only,SPURIOUS,E4_model_domain,P2,ai_team,,Chẩn đoán tự động,keep_with_reason,v1.0.0,
r3_diag,B4-edge,adasind_310008.jpg,L5+R1,LR_noM,MISSING,E4_model_domain,P1,ai_team,,Chẩn đoán tự động,keep_with_reason,v1.0.0,
r3_diag,B4-edge,adasind_310008.jpg,M6,M_only,SPURIOUS,E4_model_domain,P2,ai_team,,Chẩn đoán tự động,keep_with_reason,v1.0.0,
r3_diag,B4-edge,adasind_310008.jpg,M7,M_only,SPURIOUS,E4_model_domain,P2,ai_team,,Chẩn đoán tự động,keep_with_reason,v1.0.0,
r2_qa,B4-edge,adasind_236370.jpg,L3,L_only,BOX_GEOMETRY,,P1,annotator,R03,Box Bike bỏ đầu/thân trên người áo xám,rework,v1.0.0,
r2_qa,B4-edge,adasind_236370.jpg,L4,L_only,ATTRIBUTE,,P2,annotator,R05,Truck bị che nhưng occluded=false,rework,v1.0.0,
r2_qa,B4-edge,adasind_258420.jpg,L10,L_only,ATTRIBUTE,,P2,annotator,R05,Car phía xa bị che nhưng occluded=false,rework,v1.0.0,
r2_qa,B4-edge,adasind_310008.jpg,L3,L_only,ATTRIBUTE,,P2,annotator,R05,Người ngoài cùng bị che nhưng occluded=false,rework,v1.0.0,
